"feature_id","area","feature","source_url","observed_status","redesign_requirement","acceptance_test","caveat"
"F01","هویت و ناوبری","لوگو، سربرگ، منوها و فوتر","https://mehrkhodro.co/","observed","preserve","همه مقصدهای اصلی و زیرمنوی امور مشتریان در نسخه جدید در دسترس باشند","لوگو و نام حقوقی باید با مرجع برند تأیید شوند"
"F02","صفحه اصلی","اسلایدر معرفی و کمپین","https://mehrkhodro.co/","observed","preserve","بنر، ترتیب، متن و مقصد هر اسلاید از مدیریت محتوا قابل تغییر باشد","بازنشر کمپین منقضی نیازمند بازبینی است"
"F03","صفحه اصلی","خودروها، اطلاعیه‌ها و خدمات منتخب","https://mehrkhodro.co/","observed","preserve","کارت‌ها به رکورد صحیح وصل باشند؛ داده تکراری دستی ایجاد نشود",""
"F04","شرکت","معرفی، سابقه و حوزه فعالیت","https://mehrkhodro.co/about-us/","observed","preserve_review_copy","متن و تصاویر تأییدشده با تاریخچه و معرفی فعالیت منتقل شوند","ادعاهای شرکت مستقلاً راستی‌آزمایی نشده‌اند"
"F05","شرکت","شعب، تلفن‌ها، شبکه اجتماعی و نقشه","https://mehrkhodro.co/contact-us/","observed","preserve_review_contacts","هر سه محل با اطلاعات تأییدشده و تماس/مسیریابی صحیح در دسترس باشند","تفاوت نگارش نشانی شوروم و دو مقصد تلگرام"
"F06","شرکت","نشان مجوز و پیوندهای سازمانی","https://mehrkhodro.co/","observed","preserve_review_validity","اصل تصویر، مرجع و وضعیت مجوز مشخص شود","لینک فعلی صفحه عمومی سازمان است؛ صحت مجوز احراز نشده"
"F07","کاتالوگ","۳۰ خودرو و ۹ برند","https://mehrkhodro.co/car/","observed_all_30_GET_200","preserve","تعداد و شناسه‌ها با موجودی تطبیق داده شود؛ تیپ‌ها ادغام ناخواسته نشوند",""
"F08","کاتالوگ","کارت خودرو و وضعیت فروش","https://mehrkhodro.co/car/","observed","preserve","نام، تصویر، برند، وضعیت قیمت و نشان ظرفیت/مهلت صحیح نمایش داده شوند","قیمت فعلی همه نامشخص است"
"F09","کاتالوگ","فیلتر برند","https://mehrkhodro.co/car/","browser_tested","preserve","فیلتر Suzuki دو مدل Fronx و Grand Vitara را بازگرداند","داده مرجع مربوط به روز ممیزی است"
"F10","کاتالوگ","کشور، کلاس، گیربکس و سال","https://mehrkhodro.co/car/","controls_observed","preserve","ترکیب فیلترها، حذف چیپ و حالت بدون نتیجه آزموده شود","همه ترکیب‌ها در ممیزی فعلی آزموده نشده‌اند"
"F11","کاتالوگ","فیلتر سوخت در جست‌وجوی پیشرفته","https://mehrkhodro.co/search/","observed","preserve","بنزینی و هیبریدی قابل انتخاب و پاک‌کردن باشند",""
"F12","کاتالوگ","بازه قیمت","https://mehrkhodro.co/car/","observed_defective_range","preserve_fix","فقط قیمت معتبر قابل فیلتر باشد؛ قیمت نامشخص به صفر تبدیل نشود","رنج مرورگر ۰ تا ۰ دیده شد"
"F13","کاتالوگ","مرتب‌سازی قیمت و سال","https://mehrkhodro.co/car/","controls_observed","preserve","صعودی/نزولی با داده قیمت و سال واقعی آزموده شود","صحت عددی با همه قیمت‌های نامشخص قابل تأیید نیست"
"F14","کاتالوگ","جست‌وجوی متن","https://mehrkhodro.co/car/","browser_tested","preserve","جست‌وجوی fronx نتیجه متناظر دهد؛ ورودی فارسی/لاتین آزموده شود",""
"F15","کاتالوگ","صفحه‌بندی و حذف فیلترها","https://mehrkhodro.co/car/","browser_tested_pagination","preserve","هر ۳۰ خودرو قابل دسترسی باشند؛ صفحه و فیلترهای فعال قابل بازیابی باشند","فعلی ۶ خودرو در ۵ صفحه"
"F16","جست‌وجو","پنجره جست‌وجوی عمومی","https://mehrkhodro.co/","observed","preserve","جست‌وجو از سربرگ و صفحه نتیجه قابل استفاده با صفحه‌کلید باشد","فعلی query parameter s دارد؛ دامنه نتایج باید آزموده شود"
"F17","کاتالوگ","صفحات برند و طبقه‌بندی","https://mehrkhodro.co/car-brand/toyota/","observed_sample_archives_GET_200","preserve_urls","مسیرها و روابط برند/سال/کشور/سوخت/گیربکس/رنگ/بدنه حفظ شوند","بازنویسی غلط املایی car-cuntery بدون redirect ممنوع"
"F18","جزئیات خودرو","نام دوزبانه، تصویر و مشخصات پایه","https://mehrkhodro.co/car/attrage/","observed","preserve","فیلدها و مقادیر چندگانه سال/رنگ/سوخت بدون حذف منتقل شوند",""
"F19","جزئیات خودرو","معرفی و توضیحات کامل","https://mehrkhodro.co/car/attrage/","observed_with_gaps","preserve_complete_gaps","متن، سرفصل‌ها، تصاویر و لینک‌های داخلی تطبیق داده شوند","تب توضیح camry/sportage/poer خالی است"
"F20","جزئیات خودرو","گالری و نمایش بزرگ تصویر","https://mehrkhodro.co/car/attrage/","observed_26_cars","preserve","ترتیب، زیرنویس و فایل اصلی هر تصویر حفظ شود؛ lightbox قابل استفاده باشد","۲۷۱ پیوند گالری؛ نه الزاماً ۲۷۱ فایل یکتا"
"F21","جزئیات خودرو","نمایش و دانلود کاتالوگ","https://mehrkhodro.co/car/attrage/","27_PDF_HEAD_200","preserve","هر PDF با خودروی صحیح نمایش/دانلود شود؛ پیمایش، بزرگ‌نمایی و تمام‌صفحه حفظ شود","۳ خودرو فاقد فایل؛ متن تمام صفحات کاتالوگ‌ها بررسی نشده"
"F22","جزئیات خودرو","جدول فنی و مقایسه تیپ‌ها","https://mehrkhodro.co/car/camry/","observed_3_tables","preserve_review_values","تمام سطرها، واحدها و ستون‌های تیپ منتقل و با منبع تأییدشده تطبیق داده شوند","camry/rav4/corolla-cross؛ عنوان جدول کرولا کراس مشکوک به عدم تطابق"
"F23","جزئیات خودرو","امتیازها، نقاط قوت و ضعف","https://mehrkhodro.co/car/rav4/","observed_empty_zero","review_before_publish","امکان ثبت داده معتبر حفظ شود؛ نبود ارزیابی به صورت صفر واقعی نمایش داده نشود","همه ۳۰ خودرو چهار امتیاز صفر و بخش‌های خالی دارند"
"F24","جزئیات خودرو","خودروهای مرتبط","https://mehrkhodro.co/car/attrage/","observed","preserve_fix_relevance","خود خودرو حذف و پیشنهادها با برند/کلاس مرتبط شوند","فعلی عمدتاً سه مورد آخر تکرار می‌شود"
"F25","فروش","پنجره درخواست خرید","https://mehrkhodro.co/car/attrage/","browser_opened_no_submission","preserve_verify_backend","خودروی انتخاب‌شده، اطلاعات تماس و شهر ذخیره شوند؛ نتیجه ارسال در محیط تست تأیید شود","تلفن تکراری و خودرو بدون پیش‌پرشدن؛ CRM و ایمیل آزموده نشده"
"F26","خدمات","فهرست و جزئیات هفت خدمت","https://mehrkhodro.co/service/","observed_7_records_6_visible","preserve_fix_discovery","هر هفت خدمت از منو و فهرست قابل دسترسی باشند","متن نمونه و مشکل صفحه‌بندی نیازمند اصلاح"
"F27","خدمات","انتخاب روز و ساعت رزرو","https://mehrkhodro.co/service/1392/","browser_tested_to_contact_step","preserve_fix_calendar","ظرفیت، روز و ساعت با تقویم فارسی یکسان و زمان منطقه‌ای صحیح محاسبه شوند","آذر 2026 با 14 September 2026 ناسازگار است"
"F28","خدمات","اطلاعات تماس و خودرو رزرو","https://mehrkhodro.co/service/1392/","contact_UI_tested_vehicle_markup_observed","preserve_verify_backend","تلفن، نشانی، برند، سال و نو/کارکرده در رزرو صحیح ذخیره شوند","اطلاعات واقعی وارد نشده و سفارشی ثبت نشده"
"F29","خدمات","هزینه، پرداخت و فاکتور","https://mehrkhodro.co/service/1392/","price_UI_and_payment_copy_only","backend_discovery_release_gate","پیش از اعلام فعال بودن، تعرفه، درگاه، callback و فاکتور در محیط تست انتهابه‌انتها تأیید شوند","پرداخت واقعی موجود احراز نشده؛ مبلغ صفر تعرفه معتبر نیست"
"F30","تبدیل پلاک","راهنما، بنر و اشتراک‌گذاری","https://mehrkhodro.co/register-numberplate/","observed","preserve_review_current_rules","اصل مقاله و تاریخ آن حفظ و اعتبار جاری شرایط توسط شرکت تأیید شود","ممیزی وب جای بررسی حقوقی جاری نیست"
"F31","تبدیل پلاک","فرم پنج‌فیلدی درخواست","https://mehrkhodro.co/register-numberplate/","browser_opened_no_submission","preserve_verify_backend","نام، برند، مدل، سال و تلفن اعتبارسنجی و ثبت شوند","ارسال و رهگیری تأیید نشده"
"F32","مشتریان","صدای مشتری صفحه اصلی","https://mehrkhodro.co/","observed_no_submission","preserve_verify_backend","نام/تلفن اجباری فعلی و سایر فیلدها در جریان انتقال از قلم نیفتند","تفاوت الزامات با تماس نیازمند تصمیم آگاهانه است"
"F33","مشتریان","فرم تماس با ما","https://mehrkhodro.co/contact-us/","observed_no_submission","preserve_verify_backend","نام/ایمیل اجباری فعلی و تلفن/موضوع/پیام حفظ و ارسال تست شود",""
"F34","مشتریان","پرسش‌نامه رضایت PDF","https://mehrkhodro.co/نظر-سنجی/","PDF_read_and_visually_reviewed","preserve_document","سند دوصفحه‌ای، مشخصات و تمام ۲۲ سؤال با ارجاعات شرطی حفظ شوند","فرم آنلاین موجود نیست؛ نام حقوقی و گزینه سوخت ناقص"
"F35","مشتریان","فرم شکایت PDF","https://mehrkhodro.co/شکایت-مشتریان/","PDF_read","preserve_document","اصل سند و فیلدهای مشتری حفظ شود؛ گردش داخلی در سامانه عمومی منتشر نشود","PDF نمونه گردش داخلی دارد؛ اتصال نرم‌افزار تأیید نشده"
"F36","مشتریان","امور مشتریان، حقوق، CRM و راه‌های ارتباطی","https://mehrkhodro.co/امور-مشتریان/","four_title_only_pages","preserve_destinations_complete_approved_content","برای هر مسیر مقصد و محتوای تأییدشده تعیین شود","فعلاً CRM، ورود یا ارسال شکایت در این چهار صفحه مشاهده نشد"
"F37","محتوا","آرشیو و جزئیات ۱۰ مقاله","https://mehrkhodro.co/blog/","observed","preserve","عنوان، تاریخ، متن، تصویر، دسته/برچسب، CTA و مقالات مرتبط تطبیق داده شوند","اخبار تاریخی به شرایط جاری تبدیل نشوند"
"F38","اطلاعیه","آرشیو چهار اطلاعیه و جست‌وجو/ترتیب","https://mehrkhodro.co/notifications/","observed","preserve","۴ رکورد و کنترل‌های جست‌وجو و ترتیب عنوان/تاریخ حفظ شوند",""
"F39","اطلاعیه","اصل بخشنامه، تصاویر و PDF","https://mehrkhodro.co/notifications/بخشنامه-فروش-کد01/","observed_documents_accessible","preserve_originals_add_accessible_text","جداول و شرایط داخل تصاویر/PDF نیز منتقل شوند","بازنویسی فقط متن صفحه کافی نیست"
"F40","تعامل محتوا","دیدگاه، پاسخ و مدیریت دیدگاه","https://mehrkhodro.co/notifications/پیام-مدیرعامل-شرکت/","public_comment_and_form_observed","preserve_verify_backend","دیدگاه عمومی، تاریخ و رابطه پاسخ حفظ؛ ثبت و تأیید در تست بررسی شود","دیدگاه جدیدی ارسال نشده؛ پنل مدیریت بررسی نشده"
"F41","صفحات قدیمی","فروشگاه، سبد، پرداخت و حساب","https://mehrkhodro.co/shop/","published_placeholders","explicit_owner_decision","تصمیم نگهداری/تکمیل/redirect برای تک‌تک مسیرها ثبت شود","این صفحات اثبات فروشگاه و حساب فعال نیستند"
"F42","صفحات قدیمی","ناوارا و برگه نمونه","https://mehrkhodro.co/nissan-navara/","published_unfinished_or_sample","explicit_owner_decision","بدون تصمیم ثبت‌شده حذف نشوند؛ مقصد یا محتوای معتبر تعیین شود","ناوارا قالب تعریف نشده نشان می‌دهد"
"F43","مهاجرت","نشانی‌ها و redirectهای قدیمی","https://mehrkhodro.co/wp-sitemap.xml","public_inventory","release_gate","تمام ۱۵۱ نشانی ثبت‌شده مقصد قابل قبول داشته باشند و 404 ناخواسته ندهند","۱۴۷ sitemap + ۲ archive + ۲ alias"
"F44","مهاجرت","رسانه و فایل‌های پیوست","https://mehrkhodro.co/wp-sitemap.xml","partial_priority_manifest","release_gate","پیش از انتشار export کامل رسانه، checksum و تطبیق وابستگی‌ها انجام شود","manifest حاضر کامل کتابخانه رسانه نیست"
"F45","کیفیت","سئو و دسترس‌پذیری","https://mehrkhodro.co/blog/","sample_gaps_observed","release_gate","عنوان/توضیح، canonical، sitemap، H1، alt، صفحه‌کلید و خطاهای فرم بررسی شوند","ممیزی جامع WCAG/Core Web Vitals انجام نشده"
"F46","مدیریت","انتشار و ویرایش همه انواع محتوا","https://mehrkhodro.co/wp-json/wp/v2/types","public_content_types_observed","discover_admin_and_preserve_outcomes","ویرایش خودرو/برند/مشخصات/خدمت/نوبت/مقاله/اطلاعیه/شعب قابل انجام باشد","نقش‌ها و گردش تأیید واقعی پنل نامعلوم است"
"F47","اطمینان ارسال","ثبت درخواست، اعلان و ضداسپم","https://mehrkhodro.co/contact-us/","backend_not_verified","release_gate","در محیط تست درخواست یکتا، دریافت مسئول، خطا و ثبت رویداد تأیید شود","Rate limit/consent بهبود پیشنهادی‌اند نه ویژگی موجود اثبات‌شده"
"F48","مرز پروژه","پرتال مشتری و سامانه داخلی","https://mehrkhodro.co/","not_observed_as_public_site_capability","separate_scope","هر اتصال جدید فقط با قرارداد API و دسترسی تأییدشده انجام شود","پرتال، وضعیت خودرو، ویدئو، آپلود مدارک و محاسبه کارکرده قابلیت موجود این سایت احراز نشده‌اند"
