"kind","page_url","asset_url","verification","note"
"vehicle_catalog_pdf","https://mehrkhodro.co/car/attrage/","https://mehrkhodro.co/wp-content/uploads/2026/08/کاتالوگ-میتسوبیشی-اتریج.pdf","HEAD 200; application/pdf; page-by-page text not audited","attrage"
"vehicle_catalog_pdf","https://mehrkhodro.co/car/k4/","https://mehrkhodro.co/wp-content/uploads/2026/06/کاتالوگ-کیا-K4.pdf","HEAD 200; application/pdf; page-by-page text not audited","k4"
"vehicle_catalog_pdf","https://mehrkhodro.co/car/changan-x5-plus/","https://mehrkhodro.co/wp-content/uploads/2026/06/کاتالوگ-CHANGAN-X5-PLUS.pdf","HEAD 200; application/pdf; page-by-page text not audited","changan-x5-plus"
"vehicle_catalog_pdf","https://mehrkhodro.co/car/outlander-p/","https://mehrkhodro.co/wp-content/uploads/2026/06/کاتالوگ-اوتلندر-P-line.pdf","HEAD 200; application/pdf; page-by-page text not audited","outlander-p"
"vehicle_catalog_pdf","https://mehrkhodro.co/car/outlander-h/","https://mehrkhodro.co/wp-content/uploads/2026/05/کاتالوگ-اوتلندر-h-line.pdf","HEAD 200; application/pdf; page-by-page text not audited","outlander-h"
"vehicle_catalog_pdf","https://mehrkhodro.co/car/corolla/","https://mehrkhodro.co/wp-content/uploads/2026/05/کاتالوگ-TOYOTA-COROLLA.pdf","HEAD 200; application/pdf; page-by-page text not audited","corolla"
"vehicle_catalog_pdf","https://mehrkhodro.co/car/qashqai/","https://mehrkhodro.co/wp-content/uploads/2026/02/کاتالوگ-قشقایی.pdf","HEAD 200; application/pdf; page-by-page text not audited","qashqai"
"vehicle_catalog_pdf","https://mehrkhodro.co/car/kx1/","https://mehrkhodro.co/wp-content/uploads/2026/02/کاتالوگ-KIA-KX1.pdf","HEAD 200; application/pdf; page-by-page text not audited","kx1"
"vehicle_catalog_pdf","https://mehrkhodro.co/car/sportage/","https://mehrkhodro.co/wp-content/uploads/2026/02/کاتالوگ-اسپورتیج.pdf","HEAD 200; application/pdf; page-by-page text not audited","sportage"
"vehicle_catalog_pdf","https://mehrkhodro.co/car/k5/","https://mehrkhodro.co/wp-content/uploads/2026/02/کاتالوگ-K5.pdf","HEAD 200; application/pdf; page-by-page text not audited","k5"
"vehicle_catalog_pdf","https://mehrkhodro.co/car/k3/","https://mehrkhodro.co/wp-content/uploads/2026/02/کاتالوگ-KIA-K3.pdf","HEAD 200; application/pdf; page-by-page text not audited","k3"
"vehicle_catalog_pdf","https://mehrkhodro.co/car/sonata/","https://mehrkhodro.co/wp-content/uploads/2026/02/کاتالوگ-سوناتا.pdf","HEAD 200; application/pdf; page-by-page text not audited","sonata"
"vehicle_catalog_pdf","https://mehrkhodro.co/car/elantra/","https://mehrkhodro.co/wp-content/uploads/2026/02/کاتالوگ-HYUNDAI-ELANTRA.pdf","HEAD 200; application/pdf; page-by-page text not audited","elantra"
"vehicle_catalog_pdf","https://mehrkhodro.co/car/frontlander/","https://mehrkhodro.co/wp-content/uploads/2025/07/کاتالوگ-TOYOTA-FRONTLANDER.pdf","HEAD 200; application/pdf; page-by-page text not audited","frontlander"
"vehicle_catalog_pdf","https://mehrkhodro.co/car/poer/","https://mehrkhodro.co/wp-content/uploads/2025/04/Mehr-Motor-Poer-catalog.pdf","HEAD 200; application/pdf; page-by-page text not audited","poer"
"vehicle_catalog_pdf","https://mehrkhodro.co/car/x-trail/","https://mehrkhodro.co/wp-content/uploads/2026/03/کاتالوگ-X-TRAIL.pdf","HEAD 200; application/pdf; page-by-page text not audited","x-trail"
"vehicle_catalog_pdf","https://mehrkhodro.co/car/highlander/","https://mehrkhodro.co/wp-content/uploads/2024/10/Mehr-Motor-toyota-highlander-hybrid-catalog.pdf","HEAD 200; application/pdf; page-by-page text not audited","highlander"
"vehicle_catalog_pdf","https://mehrkhodro.co/car/rav4/","https://mehrkhodro.co/wp-content/uploads/2024/08/Mehr-Motor-toyota-rav4-hybrid-catalog-Edited.pdf","HEAD 200; application/pdf; page-by-page text not audited","rav4"
"vehicle_catalog_pdf","https://mehrkhodro.co/car/corolla-cross/","https://mehrkhodro.co/wp-content/uploads/2024/08/کاتالوگ-TOYOTA-COROLLA-CROSS.pdf","HEAD 200; application/pdf; page-by-page text not audited","corolla-cross"
"vehicle_catalog_pdf","https://mehrkhodro.co/car/camry/","https://mehrkhodro.co/wp-content/uploads/2024/08/Mehr-Motor-toyota-camry-catalog.pdf","HEAD 200; application/pdf; page-by-page text not audited","camry"
"vehicle_catalog_pdf","https://mehrkhodro.co/car/levin/","https://mehrkhodro.co/wp-content/uploads/2024/10/Mehr-Motor-toyota-Levin-catalog.pdf","HEAD 200; application/pdf; page-by-page text not audited","levin"
"vehicle_catalog_pdf","https://mehrkhodro.co/car/sylphy/","https://mehrkhodro.co/wp-content/uploads/2024/08/کاتالوگ-سیلفی.pdf","HEAD 200; application/pdf; page-by-page text not audited","sylphy"
"vehicle_catalog_pdf","https://mehrkhodro.co/car/hilux-sr5/","https://mehrkhodro.co/wp-content/uploads/2024/08/Mehr-Motor-Hilux-sr5-catalog-1.pdf","HEAD 200; application/pdf; page-by-page text not audited","hilux-sr5"
"vehicle_catalog_pdf","https://mehrkhodro.co/car/hilux-grs/","https://mehrkhodro.co/wp-content/uploads/2023/09/Mehr-Motor-Hilux-GR-Sport-catalog.pdf","HEAD 200; application/pdf; page-by-page text not audited","hilux-grs"
"vehicle_catalog_pdf","https://mehrkhodro.co/car/hilux-adv/","https://mehrkhodro.co/wp-content/uploads/2024/08/Mehr-Motor-Hilux-Adventure-catalog-1.pdf","HEAD 200; application/pdf; page-by-page text not audited","hilux-adv"
"vehicle_catalog_pdf","https://mehrkhodro.co/car/l200/","https://mehrkhodro.co/wp-content/uploads/2024/08/Mehr-Motor-Mitsubishi-L200-catalog.pdf","HEAD 200; application/pdf; page-by-page text not audited","l200"
"vehicle_catalog_pdf","https://mehrkhodro.co/car/t60-comfort/","https://mehrkhodro.co/wp-content/uploads/2024/08/Mehr-Motor-MG-T60-catalog.pdf","HEAD 200; application/pdf; page-by-page text not audited","t60-comfort"
"customer_survey_pdf","https://mehrkhodro.co/نظر-سنجی/","https://mehrkhodro.co/wp-content/uploads/2025/12/فرم-نظر-سنجی-مهر-موتور-خاورمیانه.pdf","GET 200; 2 pages; text and visual review; no AcroForm/Widgets","F-07-02-01 rev00; 22 questions; printed workflow"
"customer_complaint_pdf","https://mehrkhodro.co/شکایت-مشتریان/","https://mehrkhodro.co/wp-content/uploads/2025/12/فرم-ثبت-شکایت-مشتری-مهر-موتور-خاورمیانه.pdf","GET 200; 1 page; text extracted; no AcroForm/Widgets","F-07-03-01 rev00; customer and internal routing sections"
"sales_circular_01_pdf","https://mehrkhodro.co/notifications/بخشنامه-فروش-کد01/","https://mehrkhodro.co/wp-content/uploads/2024/08/بخشنامه-فروش-شماره-1.pdf","GET 200; application/pdf; 3478907 bytes","Preserve original and extract accessible sales table during migration"
"sales_circular_01_image","https://mehrkhodro.co/notifications/بخشنامه-فروش-کد01/","https://mehrkhodro.co/wp-content/uploads/2024/08/Mehr-Khodro-Catalogue.png","linked in source","lightbox original"
"sales_circular_01_image","https://mehrkhodro.co/notifications/بخشنامه-فروش-کد01/","https://mehrkhodro.co/wp-content/uploads/2024/08/file1-1024x422.jpg","linked in source","inline image"
"sales_circular_02_image","https://mehrkhodro.co/notifications/بخشنامه-کد02/","https://mehrkhodro.co/wp-content/uploads/2024/08/Mehr-Khodro-2.png","linked in source","lightbox original"
"sales_circular_02_table","https://mehrkhodro.co/notifications/بخشنامه-کد02/","https://mehrkhodro.co/wp-content/uploads/2024/08/بخشنامه-شماره-2-1-1024x655.png","GET 200","sales terms in image; do not lose"
"sales_circular_03_image","https://mehrkhodro.co/notifications/بخشنامه-فروش-کد-03/","https://mehrkhodro.co/wp-content/uploads/2025/04/Screenshot-2025-04-12-091840.png","linked in source","lightbox original"
"sales_circular_03_table","https://mehrkhodro.co/notifications/بخشنامه-فروش-کد-03/","https://mehrkhodro.co/wp-content/uploads/2025/04/Screenshot-2025-04-12-092024-1024x652.png","GET 200","sales terms in image; do not lose"
