"category","source_url","title","record_id","published_at","modified_at","observation","migration_rule","verified_current_destination","proposed_new_url","decision_status"
"posts-post","https://mehrkhodro.co/%d8%a8%d8%b1%d8%b1%d8%b3%db%8c-kia-k5-%d8%aa%d9%88%d8%b1%d8%a8%d9%88/","بررسی کیا K5 توربو | منطقه آزاد انزلی","6005","2026-02-24T14:04:45","2026-05-10T16:54:46","public_sitemap","retain_content_and_url_or_approved_301","","","pending_not_implemented"
"posts-post","https://mehrkhodro.co/%d8%a8%d8%b1%d8%b1%d8%b3%db%8c-%d9%87%db%8c%d9%88%d9%86%d8%af%d8%a7%db%8c-%d8%a7%d9%84%d9%86%d8%aa%d8%b1%d8%a7/","بررسی هیوندای النترا | منطقه آزاد انزلی","6026","2026-02-26T09:57:23","2026-05-10T16:54:36","public_sitemap","retain_content_and_url_or_approved_301","","","pending_not_implemented"
"posts-post","https://mehrkhodro.co/%d8%a8%d8%b1%d8%b1%d8%b3%db%8c-%d8%aa%d9%88%db%8c%d9%88%d8%aa%d8%a7-%da%a9%d9%85%d8%b1%db%8c-%d9%85%d9%87%d8%b1-%d8%ae%d9%88%d8%af%d8%b1%d9%88/","بررسی تویوتا کمری | منطقه آزاد انزلی","6047","2026-04-28T15:13:09","2026-05-10T16:54:26","public_sitemap","retain_content_and_url_or_approved_301","","","pending_not_implemented"
"posts-post","https://mehrkhodro.co/%d8%a8%d8%b1%d8%b1%d8%b3%db%8c-%d9%87%db%8c%d9%88%d9%86%d8%af%d8%a7%db%8c-%d8%b3%d9%88%d9%86%d8%a7%d8%aa%d8%a7/","بررسی هیوندای سوناتا | منطقه آزاد انزلی","6091","2026-05-06T09:59:26","2026-05-10T16:55:42","public_sitemap","retain_content_and_url_or_approved_301","","","pending_not_implemented"
"posts-post","https://mehrkhodro.co/%d8%a8%d8%b1%d8%b1%d8%b3%db%8c-%da%a9%db%8c%d8%a7-%d8%a7%d8%b3%d9%be%d9%88%d8%b1%d8%aa%db%8c%d8%ac-%d9%85%d9%86%d8%b7%d9%82%d9%87-%d8%a2%d8%b2%d8%a7%d8%af-%d8%a7%d9%86%d8%b2%d9%84%db%8c/","بررسی کیا اسپورتیج | منطقه آزاد انزلی","6115","2026-05-10T15:25:47","2026-05-10T16:52:46","public_sitemap","retain_content_and_url_or_approved_301","","","pending_not_implemented"
"posts-post","https://mehrkhodro.co/%d8%a8%d8%b1%d8%b1%d8%b3%db%8c-%d8%aa%d9%88%db%8c%d9%88%d8%aa%d8%a7-%da%a9%d8%b1%d9%88%d9%84%d8%a7-2026-%d9%85%d9%86%d8%b7%d9%82%d9%87-%d8%a2%d8%b2%d8%a7%d8%af-%d8%a7%d9%86%d8%b2%d9%84%db%8c/","بررسی تویوتا کرولا 2026 | منطقه آزاد انزلی","6166","2026-05-16T09:19:25","2026-06-04T08:34:41","public_sitemap","retain_content_and_url_or_approved_301","","","pending_not_implemented"
"posts-post","https://mehrkhodro.co/%d9%85%d9%87%d8%b1-%d8%ae%d9%88%d8%af%d8%b1%d9%88-%d8%af%d8%b1-%d8%b3%db%8c%d8%b2%d8%af%d9%87%d9%85%db%8c%d9%86-%d9%86%d9%85%d8%a7%db%8c%d8%b4%da%af%d8%a7%d9%87-%d8%aa%d8%ae%d8%b5%d8%b5%db%8c-%d8%ae/","مهر خودرو در سیزدهمین نمایشگاه تخصصی خودرو در گیلان","6355","2026-06-14T12:29:13","2026-06-14T13:27:14","public_sitemap","retain_content_and_url_or_approved_301","","","pending_not_implemented"
"posts-post","https://mehrkhodro.co/%d9%84%d8%ba%d9%88-%d8%aa%d8%b1%d8%af%d8%af-%d8%ae%d9%88%d8%af%d8%b1%d9%88%d9%87%d8%a7%db%8c-%d9%be%d9%84%d8%a7%da%a9-%d9%85%d9%86%d8%b7%d9%82%d9%87-%d8%a2%d8%b2%d8%a7%d8%af-%d8%a7%d9%86%d8%b2%d9%84/","لغو تردد خودروهای پلاک منطقه آزاد انزلی در خارج از محدوده!","6448","2026-06-30T17:05:52","2026-06-30T17:05:55","public_sitemap","retain_content_and_url_or_approved_301","","","pending_not_implemented"
"posts-post","https://mehrkhodro.co/%d8%a8%d8%b1%d8%b1%d8%b3%db%8c-%d9%86%db%8c%d8%b3%d8%a7%d9%86-%d9%82%d8%b4%d9%82%d8%a7%db%8c%db%8c-%d9%85%d9%86%d8%b7%d9%82%d9%87-%d8%a2%d8%b2%d8%a7%d8%af-%d8%a7%d9%86%d8%b2%d9%84%db%8c/","بررسی نیسان قشقایی | منطقه آزاد انزلی","6456","2026-07-05T12:14:18","2026-08-20T10:18:00","public_sitemap","retain_content_and_url_or_approved_301","","","pending_not_implemented"
"posts-post","https://mehrkhodro.co/%d8%a8%d8%b1%d8%b1%d8%b3%db%8c-%da%86%d8%a7%d9%86%da%af%d8%a7%d9%86-x5-plus-%d9%85%d9%86%d8%b7%d9%82%d9%87-%d8%a2%d8%b2%d8%a7%d8%af-%d8%a7%d9%86%d8%b2%d9%84%db%8c/","بررسی چانگان X5 PLUS | منطقه آزاد انزلی","6512","2026-08-16T14:37:56","2026-08-16T15:22:35","public_sitemap","retain_content_and_url_or_approved_301","","","pending_not_implemented"
"posts-page","https://mehrkhodro.co/%d8%a8%d8%b1%da%af%d9%87-%d9%86%d9%85%d9%88%d9%86%d9%87/","برگه نمونه","2","2023-07-15T09:13:33","2025-11-11T17:21:50","published_placeholder_or_unfinished","retain_pending_explicit_owner_decision","","","pending_not_implemented"
"posts-page","https://mehrkhodro.co/shop/","فروشگاه","11","2023-07-20T14:15:53","2025-11-11T17:31:20","published_placeholder_or_unfinished","retain_pending_explicit_owner_decision","","","pending_not_implemented"
"posts-page","https://mehrkhodro.co/cart/","سبد خرید","12","2023-07-20T14:15:53","2023-10-05T08:31:55","published_placeholder_or_unfinished","retain_pending_explicit_owner_decision","","","pending_not_implemented"
"posts-page","https://mehrkhodro.co/checkout/","پرداخت","13","2023-07-20T14:15:53","2023-10-05T08:34:44","published_placeholder_or_unfinished","retain_pending_explicit_owner_decision","","","pending_not_implemented"
"posts-page","https://mehrkhodro.co/my-account/","حساب کاربری من","14","2023-07-20T14:15:53","2023-10-05T14:47:19","published_placeholder_or_unfinished","retain_pending_explicit_owner_decision","","","pending_not_implemented"
"posts-page","https://mehrkhodro.co/","صفحه اصلی","16","2023-07-20T14:20:19","2026-09-09T14:50:48","public_sitemap","retain_content_and_url_or_approved_301","","","pending_not_implemented"
"posts-page","https://mehrkhodro.co/about-us/","درباره ما","874","2023-07-25T16:25:07","2026-05-25T12:01:43","public_sitemap","retain_content_and_url_or_approved_301","","","pending_not_implemented"
"posts-page","https://mehrkhodro.co/contact-us/","تماس با ما","947","2023-07-25T18:16:52","2026-08-23T14:54:16","public_sitemap","retain_content_and_url_or_approved_301","","","pending_not_implemented"
"posts-page","https://mehrkhodro.co/search/","جستجو","1283","2023-07-30T14:55:31","2023-10-05T11:35:56","public_sitemap","retain_content_and_url_or_approved_301","","","pending_not_implemented"
"posts-page","https://mehrkhodro.co/notifications/","اطلاعیه ها","1324","2023-07-30T15:15:38","2025-11-11T17:12:44","public_sitemap","retain_content_and_url_or_approved_301","","","pending_not_implemented"
"posts-page","https://mehrkhodro.co/nissan-navara/","NISSAN NAVARA","4647","2026-05-30T17:06:14","2026-05-30T17:06:17","published_placeholder_or_unfinished","retain_pending_explicit_owner_decision","","","pending_not_implemented"
"posts-page","https://mehrkhodro.co/register-numberplate/","تبدیل پلاک منطقه آزاد به ملی","5508","2025-10-06T11:40:24","2025-10-18T15:39:56","public_sitemap","retain_content_and_url_or_approved_301","","","pending_not_implemented"
"posts-page","https://mehrkhodro.co/%d8%a7%d9%85%d9%88%d8%b1-%d9%85%d8%b4%d8%aa%d8%b1%db%8c%d8%a7%d9%86/","امور مشتریان","5784","2025-12-24T17:53:36","2025-12-24T17:53:42","title_only_verified_in_browser","preserve_destination_complete_approved_content","","","pending_not_implemented"
"posts-page","https://mehrkhodro.co/%d8%a2%db%8c%db%8c%d9%86-%d8%ad%d9%85%d8%a7%db%8c%d8%aa-%d8%a7%d8%b2-%d8%ad%d9%82%d9%88%d9%82-%d9%85%d8%b4%d8%aa%d8%b1%db%8c%d8%a7%d9%86/","آیین حمایت از حقوق مشتریان","5790","2025-12-25T09:38:53","2025-12-25T09:39:00","title_only_verified_in_browser","preserve_destination_complete_approved_content","","","pending_not_implemented"
"posts-page","https://mehrkhodro.co/%d8%b3%d8%a7%d9%85%d8%a7%d9%86%d9%87-%d8%a7%d8%b1%d8%aa%d8%a8%d8%a7%d8%b7-%d8%a8%d8%a7-%d9%85%d8%b4%d8%aa%d8%b1%db%8c%d8%a7%d9%86/","سامانه ارتباط با مشتریان","5792","2025-12-25T09:39:56","2025-12-25T09:40:03","title_only_verified_in_browser","preserve_destination_complete_approved_content","","","pending_not_implemented"
"posts-page","https://mehrkhodro.co/%d8%b1%d8%a7%d9%87-%d9%87%d8%a7%db%8c-%d8%a7%d8%b1%d8%aa%d8%a8%d8%a7%d8%b7%db%8c/","راه های ارتباطی","5794","2025-12-25T09:41:24","2025-12-25T09:41:30","title_only_verified_in_browser","preserve_destination_complete_approved_content","","","pending_not_implemented"
"posts-page","https://mehrkhodro.co/%d9%86%d8%b8%d8%b1-%d8%b3%d9%86%d8%ac%db%8c/","نظر سنجی","5796","2025-12-25T09:47:09","2025-12-29T14:51:39","public_sitemap","retain_content_and_url_or_approved_301","","","pending_not_implemented"
"posts-page","https://mehrkhodro.co/%d8%b4%da%a9%d8%a7%db%8c%d8%aa-%d9%85%d8%b4%d8%aa%d8%b1%db%8c%d8%a7%d9%86/","شکایت مشتریان","5800","2025-12-25T09:48:44","2025-12-29T14:56:17","public_sitemap","retain_content_and_url_or_approved_301","","","pending_not_implemented"
"posts-page","https://mehrkhodro.co/blog/","اخبار و مقالات خودرویی","6030","2026-02-26T11:03:42","2026-02-26T11:03:47","public_sitemap","retain_content_and_url_or_approved_301","","","pending_not_implemented"
"posts-car","https://mehrkhodro.co/car/t60-comfort/","T60 COMFORT","1642","2023-07-31T13:29:12","2026-05-11T14:26:55","public_sitemap","retain_content_and_url_or_approved_301","","","pending_not_implemented"
"posts-car","https://mehrkhodro.co/car/l200/","L200","1645","2023-07-31T13:32:13","2026-05-11T14:29:54","public_sitemap","retain_content_and_url_or_approved_301","","","pending_not_implemented"
"posts-car","https://mehrkhodro.co/car/hilux-adv/","تویوتا هایلوکس ادونچر | TOYOTA HILUX ADV","3231","2023-09-23T09:22:14","2026-05-11T14:26:06","public_sitemap","retain_content_and_url_or_approved_301","","","pending_not_implemented"
"posts-car","https://mehrkhodro.co/car/hilux-grs/","تویوتا هایلوکس TOYOTA HILUX GRS | GRS","3233","2023-09-23T09:23:35","2026-05-17T09:47:56","public_sitemap","retain_content_and_url_or_approved_301","","","pending_not_implemented"
"posts-car","https://mehrkhodro.co/car/t60-elite/","T60 Elite","4214","2024-08-24T18:05:15","2026-05-11T14:24:45","public_sitemap","retain_content_and_url_or_approved_301","","","pending_not_implemented"
"posts-car","https://mehrkhodro.co/car/hilux-sr5/","تویوتا هایلوکس TOYOTA HILUX SR5 | SR5","4583","2024-08-27T10:22:54","2026-05-11T14:23:54","public_sitemap","retain_content_and_url_or_approved_301","","","pending_not_implemented"
"posts-car","https://mehrkhodro.co/car/sylphy/","نیسان سیلفی | NISSAN SYLPHY","4781","2024-08-29T09:48:57","2026-06-15T14:45:23","public_sitemap","retain_content_and_url_or_approved_301","","","pending_not_implemented"
"posts-car","https://mehrkhodro.co/car/levin/","تویوتا لوین | TOYOTA LEVIN","4911","2024-08-31T09:42:31","2026-05-11T14:22:10","public_sitemap","retain_content_and_url_or_approved_301","","","pending_not_implemented"
"posts-car","https://mehrkhodro.co/car/camry/","تویوتا کمری | TOYOTA CAMRY","4924","2024-08-31T10:00:53","2026-05-11T14:21:54","public_sitemap","retain_content_and_url_or_approved_301","","","pending_not_implemented"
"posts-car","https://mehrkhodro.co/car/corolla-cross/","تویوتا کرولا کراس | TOYOTA COROLLA-CROSS","4948","2024-08-31T10:32:49","2026-08-22T12:33:05","public_sitemap","retain_content_and_url_or_approved_301","","","pending_not_implemented"
"posts-car","https://mehrkhodro.co/car/rav4/","تویوتا راو 4 | TOYOTA RAV4","4969","2024-08-31T11:02:01","2026-05-17T09:48:16","public_sitemap","retain_content_and_url_or_approved_301","","","pending_not_implemented"
"posts-car","https://mehrkhodro.co/car/grand-vitara/","سوزوکی گرند ویتارا | SUZUKI GRAND VITARA","5004","2024-08-31T16:48:23","2026-05-11T14:20:54","public_sitemap","retain_content_and_url_or_approved_301","","","pending_not_implemented"
"posts-car","https://mehrkhodro.co/car/fronx/","سوزوکی فرانکس | SUZUKI FRONX","5018","2024-08-31T17:15:12","2026-05-11T14:20:30","public_sitemap","retain_content_and_url_or_approved_301","","","pending_not_implemented"
"posts-car","https://mehrkhodro.co/car/highlander/","تویوتا هایلندر | TOYOTA HIGHLANDER","5097","2024-10-06T12:58:44","2026-05-11T14:17:47","public_sitemap","retain_content_and_url_or_approved_301","","","pending_not_implemented"
"posts-car","https://mehrkhodro.co/car/x-trail/","نیسان ایکس تریل | NISSAN X-TRAIL","5113","2024-10-06T14:01:26","2026-05-11T14:17:25","public_sitemap","retain_content_and_url_or_approved_301","","","pending_not_implemented"
"posts-car","https://mehrkhodro.co/car/poer/","گریت وال پوئر | GWM POER","5437","2025-04-21T14:55:34","2026-05-11T14:16:59","public_sitemap","retain_content_and_url_or_approved_301","","","pending_not_implemented"
"posts-car","https://mehrkhodro.co/car/frontlander/","تویوتا فرانتلندر | TOYOTA FRONTLANDER","5468","2025-07-19T12:55:25","2026-08-22T11:33:52","public_sitemap","retain_content_and_url_or_approved_301","","","pending_not_implemented"
"posts-car","https://mehrkhodro.co/car/elantra/","هیوندای النترا | HYUNDAI ELANTRA","5878","2026-02-14T10:37:34","2026-08-20T12:55:38","public_sitemap","retain_content_and_url_or_approved_301","","","pending_not_implemented"
"posts-car","https://mehrkhodro.co/car/sonata/","هیوندای سوناتا | HYUNDAI SONATA","5896","2026-02-14T11:18:45","2026-05-11T14:07:17","public_sitemap","retain_content_and_url_or_approved_301","","","pending_not_implemented"
"posts-car","https://mehrkhodro.co/car/k3/","کیا KIA K3 | K3","5917","2026-02-14T11:44:13","2026-08-22T13:40:25","public_sitemap","retain_content_and_url_or_approved_301","","","pending_not_implemented"
"posts-car","https://mehrkhodro.co/car/k5/","کیا KIA K5 | K5","5933","2026-02-14T12:44:49","2026-05-17T10:04:24","public_sitemap","retain_content_and_url_or_approved_301","","","pending_not_implemented"
"posts-car","https://mehrkhodro.co/car/sportage/","کیا اسپورتیج | KIA SPORTAGE","5951","2026-02-14T14:00:01","2026-05-17T09:47:04","public_sitemap","retain_content_and_url_or_approved_301","","","pending_not_implemented"
"posts-car","https://mehrkhodro.co/car/kx1/","کیا KIA KX1 | KX1","5971","2026-02-14T15:40:26","2026-08-20T12:14:50","public_sitemap","retain_content_and_url_or_approved_301","","","pending_not_implemented"
"posts-car","https://mehrkhodro.co/car/qashqai/","نیسان قشقایی | Nissan Qashqai","5992","2026-02-21T14:43:58","2026-08-22T14:58:29","public_sitemap","retain_content_and_url_or_approved_301","","","pending_not_implemented"
"posts-car","https://mehrkhodro.co/car/corolla/","تویوتا کرولا | TOYOTA COROLLA","6189","2026-05-16T12:05:19","2026-08-22T14:43:24","public_sitemap","retain_content_and_url_or_approved_301","","","pending_not_implemented"
"posts-car","https://mehrkhodro.co/car/outlander-h/","میتسوبیشی اوتلندر | MITSUBISHI OUTLANDER H","6344","2026-06-04T09:03:27","2026-06-15T11:38:28","public_sitemap","retain_content_and_url_or_approved_301","","","pending_not_implemented"
"posts-car","https://mehrkhodro.co/car/outlander-p/","میتسوبیشی اوتلندر | MITSUBISHI OUTLANDER P","6347","2026-06-04T09:12:14","2026-06-15T11:37:57","public_sitemap","retain_content_and_url_or_approved_301","","","pending_not_implemented"
"posts-car","https://mehrkhodro.co/car/changan-x5-plus/","چانگان CHANGAN X5 PLUS | X5 PLUS","6418","2026-06-22T14:25:08","2026-08-22T13:23:23","public_sitemap","retain_content_and_url_or_approved_301","","","pending_not_implemented"
"posts-car","https://mehrkhodro.co/car/k4/","کیا KIA K4 | K4","6440","2026-06-28T15:03:52","2026-07-08T14:02:12","public_sitemap","retain_content_and_url_or_approved_301","","","pending_not_implemented"
"posts-car","https://mehrkhodro.co/car/attrage/","میتسوبیشی اتریج | MITSUBISHI ATTRAGE","6485","2026-08-05T11:44:44","2026-08-05T12:23:16","public_sitemap","retain_content_and_url_or_approved_301","","","pending_not_implemented"
"posts-service","https://mehrkhodro.co/service/%d8%aa%d8%b9%d9%88%db%8c%d8%b6-%d8%b1%d9%88%d8%ba%d9%86/","تعویض روغن","170","2023-07-21T11:59:16","2023-09-05T11:56:13","public_sitemap","retain_content_and_url_or_approved_301","","","pending_not_implemented"
"posts-service","https://mehrkhodro.co/service/%d8%aa%d8%b9%d9%85%db%8c%d8%b1%d8%a7%d8%aa-%d8%aa%d8%ae%d8%b5%d8%b5%db%8c/","تعمیرات تخصصی","1371","2023-07-30T15:48:28","2023-09-05T11:57:10","public_sitemap","retain_content_and_url_or_approved_301","","","pending_not_implemented"
"posts-service","https://mehrkhodro.co/service/%d8%ae%d8%af%d9%85%d8%a7%d8%aa-%da%a9%d8%a7%d8%b1%d9%88%d8%a7%d8%b4/","خدمات کارواش","1376","2023-07-30T15:51:40","2023-09-05T11:56:19","public_sitemap","retain_content_and_url_or_approved_301","","","pending_not_implemented"
"posts-service","https://mehrkhodro.co/service/%d8%aa%d8%ba%db%8c%db%8c%d8%b1-%d8%b1%d9%86%da%af-%d8%ae%d9%88%d8%af%d8%b1%d9%88/","تغییر رنگ خودرو","1380","2023-07-30T15:55:36","2023-09-05T11:56:23","public_sitemap","retain_content_and_url_or_approved_301","","","pending_not_implemented"
"posts-service","https://mehrkhodro.co/service/%d8%af%db%8c%d8%a8%d8%a7%da%af-%d9%88-%d8%b9%db%8c%d8%a8-%db%8c%d8%a7%d8%a8%db%8c/","دیباگ و عیب یابی","1384","2023-07-30T17:34:24","2023-09-05T11:56:25","public_sitemap","retain_content_and_url_or_approved_301","","","pending_not_implemented"
"posts-service","https://mehrkhodro.co/service/1392/","برق خودرو","1392","2023-07-30T17:44:09","2023-09-05T11:56:26","public_sitemap","retain_content_and_url_or_approved_301","","","pending_not_implemented"
"posts-service","https://mehrkhodro.co/service/%d8%aa%d8%b2%d8%a6%db%8c%d9%86%d8%a7%d8%aa-%d8%ae%d9%88%d8%af%d8%b1%d9%88/","تزئینات خودرو","1397","2023-07-30T17:48:06","2023-09-05T11:56:27","public_sitemap","retain_content_and_url_or_approved_301","","","pending_not_implemented"
"posts-notifications","https://mehrkhodro.co/notifications/%d9%be%db%8c%d8%a7%d9%85-%d9%85%d8%af%db%8c%d8%b1%d8%b9%d8%a7%d9%85%d9%84-%d8%b4%d8%b1%da%a9%d8%aa/","پیام مدیر عامل شرکت مهر خودروی ایرانیان","3102","2024-08-07T14:19:00","2024-08-24T20:14:24","public_sitemap","retain_content_and_url_or_approved_301","","","pending_not_implemented"
"posts-notifications","https://mehrkhodro.co/notifications/%d8%a8%d8%ae%d8%b4%d9%86%d8%a7%d9%85%d9%87-%d9%81%d8%b1%d9%88%d8%b4-%da%a9%d8%af01/","بخشنامه فروش کد:01","4498","2024-08-26T12:35:33","2024-08-28T16:49:59","public_sitemap","retain_content_and_url_or_approved_301","","","pending_not_implemented"
"posts-notifications","https://mehrkhodro.co/notifications/%d8%a8%d8%ae%d8%b4%d9%86%d8%a7%d9%85%d9%87-%da%a9%d8%af02/","بخشنامه فروش کد:02","4990","2024-08-31T12:10:01","2024-08-31T21:44:30","public_sitemap","retain_content_and_url_or_approved_301","","","pending_not_implemented"
"posts-notifications","https://mehrkhodro.co/notifications/%d8%a8%d8%ae%d8%b4%d9%86%d8%a7%d9%85%d9%87-%d9%81%d8%b1%d9%88%d8%b4-%da%a9%d8%af-03/","بخشنامه فروش کد: 03","5423","2025-04-12T09:32:34","2025-04-12T09:32:36","public_sitemap","retain_content_and_url_or_approved_301","","","pending_not_implemented"
"taxonomies-category","https://mehrkhodro.co/category/blog/","blog","","","","public_sitemap","retain_content_and_url_or_approved_301","","","pending_not_implemented"
"taxonomies-post_tag","https://mehrkhodro.co/tag/%d9%85%d9%87%d8%b1-%d8%ae%d9%88%d8%af%d8%b1%d9%88/","مهر-خودرو","","","","public_sitemap","retain_content_and_url_or_approved_301","","","pending_not_implemented"
"taxonomies-post_tag","https://mehrkhodro.co/tag/%d9%85%d9%87%d8%b1-%d8%ae%d9%88%d8%af%d8%b1%d9%88%db%8c-%d8%a7%db%8c%d8%b1%d8%a7%d9%86%db%8c%d8%a7%d9%86/","مهر-خودروی-ایرانیان","","","","public_sitemap","retain_content_and_url_or_approved_301","","","pending_not_implemented"
"taxonomies-post_tag","https://mehrkhodro.co/tag/%d8%a7%d9%88%d9%84%db%8c%d9%86-%d9%88%d8%a7%d8%b1%d8%af%da%a9%d9%86%d9%86%d8%af%d9%87-%d8%ae%d9%88%d8%af%d8%b1%d9%88-%d8%a8%d8%a7-%d9%be%d9%84%d8%a7%da%a9-%d9%85%d9%86%d8%b7%d9%82%d9%87-%d8%a2%d8%b2/","اولین-واردکننده-خودرو-با-پلاک-منطقه-آز","","","","public_sitemap","retain_content_and_url_or_approved_301","","","pending_not_implemented"
"taxonomies-post_tag","https://mehrkhodro.co/tag/%d8%a8%d8%b2%d8%b1%da%af%d8%aa%d8%b1%db%8c%d9%86-%d9%88%d8%a7%d8%b1%d8%af%da%a9%d9%86%d9%86%d8%af%d9%87-%d8%ae%d9%88%d8%af%d8%b1%d9%88-%d8%a8%d8%a7-%d9%be%d9%84%d8%a7%da%a9-%d9%85%d9%86%d8%b7%d9%82/","بزرگترین-واردکننده-خودرو-با-پلاک-منطق","","","","public_sitemap","retain_content_and_url_or_approved_301","","","pending_not_implemented"
"taxonomies-post_tag","https://mehrkhodro.co/tag/%d9%be%d9%84%d8%a7%da%a9-%d9%85%d9%86%d8%b7%d9%82%d9%87-%d8%a2%d8%b2%d8%a7%d8%af-%d8%a7%d9%86%d8%b2%d9%84%db%8c/","پلاک-منطقه-آزاد-انزلی","","","","public_sitemap","retain_content_and_url_or_approved_301","","","pending_not_implemented"
"taxonomies-post_tag","https://mehrkhodro.co/tag/%d9%85%d9%86%d8%b7%d9%82%d9%87-%d8%a2%d8%b2%d8%a7%d8%af-%d8%a7%d9%86%d8%b2%d9%84%db%8c/","منطقه-آزاد-انزلی","","","","public_sitemap","retain_content_and_url_or_approved_301","","","pending_not_implemented"
"taxonomies-post_tag","https://mehrkhodro.co/tag/%d8%ae%d9%88%d8%af%d8%b1%d9%88%db%8c-%d9%88%d8%a7%d8%b1%d8%af%d8%a7%d8%aa%db%8c-%da%af%db%8c%d9%84%d8%a7%d9%86/","خودروی-وارداتی-گیلان","","","","public_sitemap","retain_content_and_url_or_approved_301","","","pending_not_implemented"
"taxonomies-post_tag","https://mehrkhodro.co/tag/%d8%ae%d9%88%d8%af%d8%b1%d9%88%db%8c-%d9%88%d8%a7%d8%b1%d8%af%d8%a7%d8%aa%db%8c/","خودروی-وارداتی","","","","public_sitemap","retain_content_and_url_or_approved_301","","","pending_not_implemented"
"taxonomies-post_tag","https://mehrkhodro.co/tag/%d8%ae%d9%88%d8%af%d8%b1%d9%88-%d9%85%d9%86%d8%b7%d9%82%d9%87-%d8%a2%d8%b2%d8%a7%d8%af-%d8%a7%d9%86%d8%b2%d9%84%db%8c/","خودرو-منطقه-آزاد-انزلی","","","","public_sitemap","retain_content_and_url_or_approved_301","","","pending_not_implemented"
"taxonomies-post_tag","https://mehrkhodro.co/tag/%d8%ae%d8%b1%db%8c%d8%af-%d8%ae%d9%88%d8%af%d8%b1%d9%88-%d8%a8%d8%a7-%d9%be%d9%84%d8%a7%da%a9-%d9%85%d9%86%d8%b7%d9%82%d9%87-%d8%a2%d8%b2%d8%a7%d8%af-%d8%a7%d9%86%d8%b2%d9%84%db%8c/","خرید-خودرو-با-پلاک-منطقه-آزاد-انزلی","","","","public_sitemap","retain_content_and_url_or_approved_301","","","pending_not_implemented"
"taxonomies-post_tag","https://mehrkhodro.co/tag/%d8%ae%d9%88%d8%af%d8%b1%d9%88-%d9%88%d8%a7%d8%b1%d8%af%d8%a7%d8%aa%db%8c-%d9%85%d9%86%d8%b7%d9%82%d9%87-%d8%a2%d8%b2%d8%a7%d8%af-%d8%a7%d9%86%d8%b2%d9%84%db%8c/","خودرو-وارداتی-منطقه-آزاد-انزلی","","","","public_sitemap","retain_content_and_url_or_approved_301","","","pending_not_implemented"
"taxonomies-post_tag","https://mehrkhodro.co/tag/%d8%b4%d8%b1%d8%a7%db%8c%d8%b7-%d8%ae%d8%b1%db%8c%d8%af-%d8%ae%d9%88%d8%af%d8%b1%d9%88-%d9%85%d9%86%d8%b7%d9%82%d9%87-%d8%a2%d8%b2%d8%a7%d8%af-%d8%a7%d9%86%d8%b2%d9%84%db%8c/","شرایط-خرید-خودرو-منطقه-آزاد-انزلی","","","","public_sitemap","retain_content_and_url_or_approved_301","","","pending_not_implemented"
"taxonomies-post_tag","https://mehrkhodro.co/tag/%d8%aa%d8%ad%d9%88%db%8c%d9%84-%d8%ae%d9%88%d8%af%d8%b1%d9%88-%d8%af%d8%b1-%d9%85%d9%86%d8%b7%d9%82%d9%87-%d8%a2%d8%b2%d8%a7%d8%af-%d8%a7%d9%86%d8%b2%d9%84%db%8c/","تحویل-خودرو-در-منطقه-آزاد-انزلی","","","","public_sitemap","retain_content_and_url_or_approved_301","","","pending_not_implemented"
"taxonomies-post_tag","https://mehrkhodro.co/tag/%d8%ae%d8%b1%db%8c%d8%af-%d8%ae%d9%88%d8%af%d8%b1%d9%88%d9%87%d8%a7%db%8c-%d8%aa%d9%88%db%8c%d9%88%d8%aa%d8%a7%d8%8c-%da%a9%db%8c%d8%a7%d8%8c-%d9%87%db%8c%d9%88%d9%86%d8%af%d8%a7%db%8c-%d9%88-%d9%86/","خرید-خودروهای-تویوتا،-کیا،-هیوندای-و-ن","","","","public_sitemap","retain_content_and_url_or_approved_301","","","pending_not_implemented"
"taxonomies-post_tag","https://mehrkhodro.co/tag/%d8%ae%d8%b1%db%8c%d8%af-%d8%ae%d9%88%d8%af%d8%b1%d9%88%db%8c-%d9%87%db%8c%d9%88%d9%86%d8%af%d8%a7%db%8c-%d8%a7%d9%84%d9%86%d8%aa%d8%b1%d8%a7-%d8%a8%d8%a7-%d9%be%d9%84%d8%a7%da%a9-%d9%85%d9%86%d8%b7/","خرید-خودروی-هیوندای-النترا-با-پلاک-منط","","","","public_sitemap","retain_content_and_url_or_approved_301","","","pending_not_implemented"
"taxonomies-post_tag","https://mehrkhodro.co/tag/%d8%ae%d8%b1%db%8c%d8%af-%d8%ae%d9%88%d8%af%d8%b1%d9%88%db%8c-%d8%aa%d9%88%db%8c%d9%88%d8%aa%d8%a7-%da%a9%d9%85%d8%b1%db%8c-%d8%a8%d8%a7-%d9%be%d9%84%d8%a7%da%a9-%d9%85%d9%86%d8%b7%d9%82%d9%87-%d8%a2/","خرید-خودروی-تویوتا-کمری-با-پلاک-منطقه-آ","","","","public_sitemap","retain_content_and_url_or_approved_301","","","pending_not_implemented"
"taxonomies-post_tag","https://mehrkhodro.co/tag/%d9%85%d8%a7%d8%b4%db%8c%d9%86-%d9%85%d9%86%d8%b7%d9%82%d9%87-%d8%a2%d8%b2%d8%a7%d8%af-%d8%a7%d9%86%d8%b2%d9%84%db%8c/","ماشین-منطقه-آزاد-انزلی","","","","public_sitemap","retain_content_and_url_or_approved_301","","","pending_not_implemented"
"taxonomies-post_tag","https://mehrkhodro.co/tag/%d9%82%db%8c%d9%85%d8%aa-%d8%ae%d8%b1%db%8c%d8%af-%d9%85%d8%a7%d8%b4%db%8c%d9%86-%d8%a8%d8%a7-%d9%be%d9%84%d8%a7%da%a9-%d9%85%d9%86%d8%b7%d9%82%d9%87-%d8%a2%d8%b2%d8%a7%d8%af-%d8%a7%d9%86%d8%b2%d9%84/","قیمت-خرید-ماشین-با-پلاک-منطقه-آزاد-انزل","","","","public_sitemap","retain_content_and_url_or_approved_301","","","pending_not_implemented"
"taxonomies-post_tag","https://mehrkhodro.co/tag/%d8%b4%d8%b1%d8%a7%db%8c%d8%b7-%d8%ae%d8%b1%db%8c%d8%af-%d9%85%d8%a7%d8%b4%db%8c%d9%86-%d9%85%d9%86%d8%b7%d9%82%d9%87-%d8%a2%d8%b2%d8%a7%d8%af-%d8%a7%d9%86%d8%b2%d9%84%db%8c/","شرایط-خرید-ماشین-منطقه-آزاد-انزلی","","","","public_sitemap","retain_content_and_url_or_approved_301","","","pending_not_implemented"
"taxonomies-post_tag","https://mehrkhodro.co/tag/%d8%ae%d8%b1%db%8c%d8%af-%d8%ae%d9%88%d8%af%d8%b1%d9%88%db%8c-%d9%87%db%8c%d9%88%d9%86%d8%af%d8%a7%db%8c-%d8%b3%d9%88%d9%86%d8%a7%d8%aa%d8%a7-%d8%a8%d8%a7-%d9%be%d9%84%d8%a7%da%a9-%d9%85%d9%86%d8%b7/","خرید-خودروی-هیوندای-سوناتا-با-پلاک-منط","","","","public_sitemap","retain_content_and_url_or_approved_301","","","pending_not_implemented"
"taxonomies-post_tag","https://mehrkhodro.co/tag/%d8%b1%d8%b4%d8%aa/","رشت","","","","public_sitemap","retain_content_and_url_or_approved_301","","","pending_not_implemented"
"taxonomies-post_tag","https://mehrkhodro.co/tag/%da%af%db%8c%d9%84%d8%a7%d9%86/","گیلان","","","","public_sitemap","retain_content_and_url_or_approved_301","","","pending_not_implemented"
"taxonomies-post_tag","https://mehrkhodro.co/tag/%d9%85%d8%b9%d8%b1%d9%81%db%8c-%da%a9%db%8c%d8%a7-%d8%a7%d8%b3%d9%be%d9%88%d8%b1%d8%aa%db%8c%d8%ac-2025-%d9%85%d9%87%d8%b1-%d8%ae%d9%88%d8%af%d8%b1%d9%88-%d8%a8%d8%a7-%d9%be%d9%84%d8%a7%da%a9-%d9%85/","معرفی-کیا-اسپورتیج-2025-مهر-خودرو-با-پلاک-م","","","","public_sitemap","retain_content_and_url_or_approved_301","","","pending_not_implemented"
"taxonomies-post_tag","https://mehrkhodro.co/tag/%d9%82%db%8c%d9%85%d8%aa-%d8%ae%d8%b1%db%8c%d8%af-%d8%ae%d9%88%d8%af%d8%b1%d9%88-%d8%aa%d9%88%db%8c%d9%88%d8%aa%d8%a7-%da%a9%d8%b1%d9%88%d9%84%d8%a7-%d8%a8%d8%a7-%d9%be%d9%84%d8%a7%da%a9-%d9%85%d9%86/","قیمت-خرید-خودرو-تویوتا-کرولا-با-پلاک-من","","","","public_sitemap","retain_content_and_url_or_approved_301","","","pending_not_implemented"
"taxonomies-post_tag","https://mehrkhodro.co/tag/%d8%b4%d8%b1%d8%a7%db%8c%d8%b7-%d8%ae%d8%b1%db%8c%d8%af-%d8%ae%d9%88%d8%af%d8%b1%d9%88-%d8%aa%d9%88%db%8c%d9%88%d8%aa%d8%a7-%da%a9%d8%b1%d9%88%d9%84%d8%a7-%d9%85%d9%86%d8%b7%d9%82%d9%87-%d8%a2%d8%b2/","شرایط-خرید-خودرو-تویوتا-کرولا-منطقه-آز","","","","public_sitemap","retain_content_and_url_or_approved_301","","","pending_not_implemented"
"taxonomies-post_tag","https://mehrkhodro.co/tag/%da%a9%d8%b1%d9%88%d9%84%d8%a7-%d9%85%d9%86%d8%b7%d9%82%d9%87-%d8%a2%d8%b2%d8%a7%d8%af-%d8%a7%d9%86%d8%b2%d9%84%db%8c/","کرولا-منطقه-آزاد-انزلی","","","","public_sitemap","retain_content_and_url_or_approved_301","","","pending_not_implemented"
"taxonomies-post_tag","https://mehrkhodro.co/tag/%d8%b3%db%8c%d8%b2%d8%af%d9%87%d9%85%db%8c%d9%86-%d9%86%d9%85%d8%a7%db%8c%d8%b4%da%af%d8%a7%d9%87-%d8%aa%d8%ae%d8%b5%d8%b5%db%8c-%d8%ae%d9%88%d8%af%d8%b1%d9%88-%d8%af%d8%b1-%da%af%db%8c%d9%84%d8%a7/","سیزدهمین-نمایشگاه-تخصصی-خودرو-در-گیلا","","","","public_sitemap","retain_content_and_url_or_approved_301","","","pending_not_implemented"
"taxonomies-post_tag","https://mehrkhodro.co/tag/%d9%86%db%8c%d8%b3%d8%a7%d9%86-%d9%82%d8%b4%d9%82%d8%a7%db%8c%db%8c/","نیسان-قشقایی","","","","public_sitemap","retain_content_and_url_or_approved_301","","","pending_not_implemented"
"taxonomies-post_tag","https://mehrkhodro.co/tag/%d9%82%d8%b4%d9%82%d8%a7%db%8c%db%8c/","قشقایی","","","","public_sitemap","retain_content_and_url_or_approved_301","","","pending_not_implemented"
"taxonomies-post_tag","https://mehrkhodro.co/tag/%d9%86%db%8c%d8%b3%d8%a7%d9%86/","نیسان","","","","public_sitemap","retain_content_and_url_or_approved_301","","","pending_not_implemented"
"taxonomies-post_tag","https://mehrkhodro.co/tag/%d9%86%db%8c%d8%b3%d8%a7%d9%86-%d9%82%d8%b4%d9%82%d8%a7%db%8c%db%8c-%d9%85%d9%86%d8%b7%d9%82%d9%87-%d8%a2%d8%b2%d8%a7%d8%af-%d8%a7%d9%86%d8%b2%d9%84%db%8c/","نیسان-قشقایی-منطقه-آزاد-انزلی","","","","public_sitemap","retain_content_and_url_or_approved_301","","","pending_not_implemented"
"taxonomies-post_tag","https://mehrkhodro.co/tag/%d8%ae%d8%b1%db%8c%d8%af-%d9%85%d8%a7%d8%b4%db%8c%d9%86-%d9%88%d8%a7%d8%b1%d8%af%d8%a7%d8%aa%db%8c/","خرید-ماشین-وارداتی","","","","public_sitemap","retain_content_and_url_or_approved_301","","","pending_not_implemented"
"taxonomies-post_tag","https://mehrkhodro.co/tag/%d9%82%db%8c%d9%85%d8%aa-%d9%85%d8%a7%d8%b4%db%8c%d9%86-%d9%86%db%8c%d8%b3%d8%a7%d9%86-%d9%82%d8%b4%d9%82%d8%a7%db%8c%db%8c-%d9%85%d9%86%d8%b7%d9%82%d9%87-%d8%a2%d8%b2%d8%a7%d8%af-%d8%a7%d9%86%d8%b2/","قیمت-ماشین-نیسان-قشقایی-منطقه-آزاد-انز","","","","public_sitemap","retain_content_and_url_or_approved_301","","","pending_not_implemented"
"taxonomies-post_tag","https://mehrkhodro.co/tag/%d9%82%db%8c%d9%85%d8%aa-%d8%ae%d9%88%d8%af%d8%b1%d9%88-%d9%86%db%8c%d8%b3%d8%a7%d9%86-%d9%82%d8%b4%d9%82%d8%a7%db%8c%db%8c-%d9%85%d9%86%d8%b7%d9%82%d9%87-%d8%a2%d8%b2%d8%a7%d8%af-%d8%a7%d9%86%d8%b2/","قیمت-خودرو-نیسان-قشقایی-منطقه-آزاد-انز","","","","public_sitemap","retain_content_and_url_or_approved_301","","","pending_not_implemented"
"taxonomies-post_tag","https://mehrkhodro.co/tag/%d9%82%db%8c%d9%85%d8%aa-%d9%85%d8%a7%d8%b4%db%8c%d9%86-%d9%be%d9%84%d8%a7%da%a9-%d9%85%d9%86%d8%b7%d9%82%d9%87-%d8%a2%d8%b2%d8%a7%d8%af-%d8%a7%d9%86%d8%b2%d9%84%db%8c/","قیمت-ماشین-پلاک-منطقه-آزاد-انزلی","","","","public_sitemap","retain_content_and_url_or_approved_301","","","pending_not_implemented"
"taxonomies-post_tag","https://mehrkhodro.co/tag/%d8%b4%d8%b1%d8%a7%db%8c%d8%b7-%d8%ae%d8%b1%db%8c%d8%af-%d8%ae%d9%88%d8%af%d8%b1%d9%88-%d9%be%d9%84%d8%a7%da%a9-%d9%85%d9%86%d8%b7%d9%82%d9%87-%d8%a2%d8%b2%d8%a7%d8%af-%d8%a7%d9%86%d8%b2%d9%84%db%8c/","شرایط-خرید-خودرو-پلاک-منطقه-آزاد-انزلی","","","","public_sitemap","retain_content_and_url_or_approved_301","","","pending_not_implemented"
"taxonomies-post_tag","https://mehrkhodro.co/tag/%da%86%d8%a7%d9%86%da%af%d8%a7%d9%86-x5-plus-%d9%85%d9%86%d8%b7%d9%82%d9%87-%d8%a2%d8%b2%d8%a7%d8%af-%d8%a7%d9%86%d8%b2%d9%84%db%8c/","چانگان-x5-plus-منطقه-آزاد-انزلی","","","","public_sitemap","retain_content_and_url_or_approved_301","","","pending_not_implemented"
"taxonomies-post_tag","https://mehrkhodro.co/tag/%d9%82%db%8c%d9%85%d8%aa-%d8%ae%d8%b1%db%8c%d8%af-%d9%85%d8%a7%d8%b4%db%8c%d9%86-%d9%88%d8%a7%d8%b1%d8%af%d8%a7%d8%aa%db%8c/","قیمت-خرید-ماشین-وارداتی","","","","public_sitemap","retain_content_and_url_or_approved_301","","","pending_not_implemented"
"taxonomies-make-year","https://mehrkhodro.co/make-year/2023/","2023","","","","public_sitemap","retain_content_and_url_or_approved_301","","","pending_not_implemented"
"taxonomies-make-year","https://mehrkhodro.co/make-year/2024/","2024","","","","public_sitemap","retain_content_and_url_or_approved_301","","","pending_not_implemented"
"taxonomies-make-year","https://mehrkhodro.co/make-year/2025/","2025","","","","public_sitemap","retain_content_and_url_or_approved_301","","","pending_not_implemented"
"taxonomies-make-year","https://mehrkhodro.co/make-year/2026/","2026","","","","public_sitemap","retain_content_and_url_or_approved_301","","","pending_not_implemented"
"taxonomies-car-cuntery","https://mehrkhodro.co/car-cuntery/%d8%aa%d8%a7%db%8c%d9%84%d9%86%d8%af/","تایلند","","","","public_sitemap","retain_content_and_url_or_approved_301","","","pending_not_implemented"
"taxonomies-car-cuntery","https://mehrkhodro.co/car-cuntery/%da%86%db%8c%d9%86/","چین","","","","public_sitemap","retain_content_and_url_or_approved_301","","","pending_not_implemented"
"taxonomies-car-cuntery","https://mehrkhodro.co/car-cuntery/%d9%87%d9%86%d8%af/","هند","","","","public_sitemap","retain_content_and_url_or_approved_301","","","pending_not_implemented"
"taxonomies-car-cuntery","https://mehrkhodro.co/car-cuntery/%da%98%d8%a7%d9%be%d9%86/","ژاپن","","","","public_sitemap","retain_content_and_url_or_approved_301","","","pending_not_implemented"
"taxonomies-car-cuntery","https://mehrkhodro.co/car-cuntery/%d9%85%da%a9%d8%b2%db%8c%da%a9/","مکزیک","","","","public_sitemap","retain_content_and_url_or_approved_301","","","pending_not_implemented"
"taxonomies-car-fuel","https://mehrkhodro.co/car-fuel/%d8%a8%d9%86%d8%b2%db%8c%d9%86/","بنزین","","","","public_sitemap","retain_content_and_url_or_approved_301","","","pending_not_implemented"
"taxonomies-car-fuel","https://mehrkhodro.co/car-fuel/%d9%87%d8%a7%db%8c%d8%a8%d8%b1%db%8c%d8%af/","هایبرید","","","","public_sitemap","retain_content_and_url_or_approved_301","","","pending_not_implemented"
"taxonomies-car-gearbox","https://mehrkhodro.co/car-gearbox/%d8%af%d8%b3%d8%aa%db%8c/","دستی","","","","public_sitemap","retain_content_and_url_or_approved_301","","","pending_not_implemented"
"taxonomies-car-gearbox","https://mehrkhodro.co/car-gearbox/%d8%a7%d8%aa%d9%88%d9%85%d8%a7%d8%aa%db%8c%da%a9/","اتوماتیک","","","","public_sitemap","retain_content_and_url_or_approved_301","","","pending_not_implemented"
"taxonomies-car-gearbox","https://mehrkhodro.co/car-gearbox/e-cvt/","e-cvt","","","","public_sitemap","retain_content_and_url_or_approved_301","","","pending_not_implemented"
"taxonomies-car-gearbox","https://mehrkhodro.co/car-gearbox/cvt/","cvt","","","","public_sitemap","retain_content_and_url_or_approved_301","","","pending_not_implemented"
"taxonomies-car-gearbox","https://mehrkhodro.co/car-gearbox/dct/","dct","","","","public_sitemap","retain_content_and_url_or_approved_301","","","pending_not_implemented"
"taxonomies-car-color","https://mehrkhodro.co/car-color/%d8%b3%d9%81%db%8c%d8%af/","سفید","","","","public_sitemap","retain_content_and_url_or_approved_301","","","pending_not_implemented"
"taxonomies-car-color","https://mehrkhodro.co/car-color/%d9%85%d8%b4%da%a9%db%8c/","مشکی","","","","public_sitemap","retain_content_and_url_or_approved_301","","","pending_not_implemented"
"taxonomies-car-color","https://mehrkhodro.co/car-color/%d9%85%d8%aa%d8%a7%d9%84%db%8c%da%a9/","متالیک","","","","public_sitemap","retain_content_and_url_or_approved_301","","","pending_not_implemented"
"taxonomies-car-color","https://mehrkhodro.co/car-color/%d9%82%d8%b1%d9%85%d8%b2/","قرمز","","","","public_sitemap","retain_content_and_url_or_approved_301","","","pending_not_implemented"
"taxonomies-car-color","https://mehrkhodro.co/car-color/%d8%a2%d8%a8%db%8c/","آبی","","","","public_sitemap","retain_content_and_url_or_approved_301","","","pending_not_implemented"
"taxonomies-car-color","https://mehrkhodro.co/car-color/%d8%ae%d8%a7%da%a9%d8%b3%d8%aa%d8%b1%db%8c/","خاکستری","","","","public_sitemap","retain_content_and_url_or_approved_301","","","pending_not_implemented"
"taxonomies-car-color","https://mehrkhodro.co/car-color/%d9%86%d9%82%d8%b1%d9%87-%d8%a7%db%8c/","نقره-ای","","","","public_sitemap","retain_content_and_url_or_approved_301","","","pending_not_implemented"
"taxonomies-car-color","https://mehrkhodro.co/car-color/%d9%86%d8%a7%d8%b1%d9%86%d8%ac%db%8c/","نارنجی","","","","public_sitemap","retain_content_and_url_or_approved_301","","","pending_not_implemented"
"taxonomies-car-body","https://mehrkhodro.co/car-body/%d8%b3%d8%af%d8%a7%d9%86/","سدان","","","","public_sitemap","retain_content_and_url_or_approved_301","","","pending_not_implemented"
"taxonomies-car-body","https://mehrkhodro.co/car-body/%d8%b4%d8%a7%d8%b3%db%8c-%d8%a8%d9%84%d9%86%d8%af/","شاسی-بلند","","","","public_sitemap","retain_content_and_url_or_approved_301","","","pending_not_implemented"
"taxonomies-car-body","https://mehrkhodro.co/car-body/%d9%be%db%8c%da%a9%d8%a7%d9%be/","پیکاپ","","","","public_sitemap","retain_content_and_url_or_approved_301","","","pending_not_implemented"
"taxonomies-car-body","https://mehrkhodro.co/car-body/%da%a9%d8%b1%d8%a7%d8%b3-%d8%a7%d9%88%d8%b1/","کراس-اور","","","","public_sitemap","retain_content_and_url_or_approved_301","","","pending_not_implemented"
"taxonomies-type-car","https://mehrkhodro.co/type-car/%d8%b5%d9%81%d8%b1/","صفر","","","","public_sitemap","retain_content_and_url_or_approved_301","","","pending_not_implemented"
"taxonomies-car-brand","https://mehrkhodro.co/car-brand/toyota/","toyota","","","","public_sitemap","retain_content_and_url_or_approved_301","","","pending_not_implemented"
"taxonomies-car-brand","https://mehrkhodro.co/car-brand/nissan/","nissan","","","","public_sitemap","retain_content_and_url_or_approved_301","","","pending_not_implemented"
"taxonomies-car-brand","https://mehrkhodro.co/car-brand/mitsubishi/","mitsubishi","","","","public_sitemap","retain_content_and_url_or_approved_301","","","pending_not_implemented"
"taxonomies-car-brand","https://mehrkhodro.co/car-brand/mg/","mg","","","","public_sitemap","retain_content_and_url_or_approved_301","","","pending_not_implemented"
"taxonomies-car-brand","https://mehrkhodro.co/car-brand/suzuki/","suzuki","","","","public_sitemap","retain_content_and_url_or_approved_301","","","pending_not_implemented"
"taxonomies-car-brand","https://mehrkhodro.co/car-brand/gwm/","gwm","","","","public_sitemap","retain_content_and_url_or_approved_301","","","pending_not_implemented"
"taxonomies-car-brand","https://mehrkhodro.co/car-brand/hyundai/","hyundai","","","","public_sitemap","retain_content_and_url_or_approved_301","","","pending_not_implemented"
"taxonomies-car-brand","https://mehrkhodro.co/car-brand/kia/","kia","","","","public_sitemap","retain_content_and_url_or_approved_301","","","pending_not_implemented"
"taxonomies-car-brand","https://mehrkhodro.co/car-brand/changan/","changan","","","","public_sitemap","retain_content_and_url_or_approved_301","","","pending_not_implemented"
"archive","https://mehrkhodro.co/car/","آرشیو خودروها","","","","browser_tested_filter_search_pagination","retain_content_and_url_or_approved_301","","","pending_not_implemented"
"archive","https://mehrkhodro.co/service/","آرشیو خدمات","","","","seven_records_six_visible","preserve_all_seven_services_fix_discovery","","","pending_not_implemented"
"legacy_redirect","https://mehrkhodro.co/notification/","نشانی قدیمی اطلاعیه‌ها","","","","redirect_followed_to_200","preserve_redirect","https://mehrkhodro.co/notifications/","","pending_not_implemented"
"legacy_redirect","https://mehrkhodro.co/car/toyota-hilux-gr/","نشانی قدیمی هایلوکس GR","","","","redirect_followed_to_200","preserve_redirect","https://mehrkhodro.co/car/hilux-grs/","","pending_not_implemented"
