"slug","title","page_url","brand","page_check","catalog_pdf","pdf_check","gallery_link_count","structured_spec_table","description_tab_has_text","price_state","rating_state","migration_status"
"attrage","میتسوبیشی اتریج | MITSUBISHI ATTRAGE","https://mehrkhodro.co/car/attrage/","mitsubishi","GET 200","https://mehrkhodro.co/wp-content/uploads/2026/08/کاتالوگ-میتسوبیشی-اتریج.pdf","HEAD 200; application/pdf; page-by-page text not audited","8","false","true","نامشخص!","four displayed scores 0%; unverified","inventory_only_not_migrated"
"k4","کیا KIA K4 | K4","https://mehrkhodro.co/car/k4/","kia","GET 200","https://mehrkhodro.co/wp-content/uploads/2026/06/کاتالوگ-کیا-K4.pdf","HEAD 200; application/pdf; page-by-page text not audited","10","false","true","نامشخص!","four displayed scores 0%; unverified","inventory_only_not_migrated"
"changan-x5-plus","چانگان CHANGAN X5 PLUS | X5 PLUS","https://mehrkhodro.co/car/changan-x5-plus/","changan","GET 200","https://mehrkhodro.co/wp-content/uploads/2026/06/کاتالوگ-CHANGAN-X5-PLUS.pdf","HEAD 200; application/pdf; page-by-page text not audited","11","false","true","نامشخص!","four displayed scores 0%; unverified","inventory_only_not_migrated"
"outlander-p","میتسوبیشی اوتلندر | MITSUBISHI OUTLANDER P","https://mehrkhodro.co/car/outlander-p/","mitsubishi","GET 200","https://mehrkhodro.co/wp-content/uploads/2026/06/کاتالوگ-اوتلندر-P-line.pdf","HEAD 200; application/pdf; page-by-page text not audited","0","false","true","نامشخص!","four displayed scores 0%; unverified","inventory_only_not_migrated"
"outlander-h","میتسوبیشی اوتلندر | MITSUBISHI OUTLANDER H","https://mehrkhodro.co/car/outlander-h/","mitsubishi","GET 200","https://mehrkhodro.co/wp-content/uploads/2026/05/کاتالوگ-اوتلندر-h-line.pdf","HEAD 200; application/pdf; page-by-page text not audited","0","false","true","نامشخص!","four displayed scores 0%; unverified","inventory_only_not_migrated"
"corolla","تویوتا کرولا | TOYOTA COROLLA","https://mehrkhodro.co/car/corolla/","toyota","GET 200","https://mehrkhodro.co/wp-content/uploads/2026/05/کاتالوگ-TOYOTA-COROLLA.pdf","HEAD 200; application/pdf; page-by-page text not audited","8","false","true","نامشخص!","four displayed scores 0%; unverified","inventory_only_not_migrated"
"qashqai","نیسان قشقایی | Nissan Qashqai","https://mehrkhodro.co/car/qashqai/","nissan","GET 200","https://mehrkhodro.co/wp-content/uploads/2026/02/کاتالوگ-قشقایی.pdf","HEAD 200; application/pdf; page-by-page text not audited","6","false","true","نامشخص!","four displayed scores 0%; unverified","inventory_only_not_migrated"
"kx1","کیا KIA KX1 | KX1","https://mehrkhodro.co/car/kx1/","kia","GET 200","https://mehrkhodro.co/wp-content/uploads/2026/02/کاتالوگ-KIA-KX1.pdf","HEAD 200; application/pdf; page-by-page text not audited","14","false","true","نامشخص!","four displayed scores 0%; unverified","inventory_only_not_migrated"
"sportage","کیا اسپورتیج | KIA SPORTAGE","https://mehrkhodro.co/car/sportage/","kia","GET 200","https://mehrkhodro.co/wp-content/uploads/2026/02/کاتالوگ-اسپورتیج.pdf","HEAD 200; application/pdf; page-by-page text not audited","12","false","false","نامشخص!","four displayed scores 0%; unverified","inventory_only_not_migrated"
"k5","کیا KIA K5 | K5","https://mehrkhodro.co/car/k5/","kia","GET 200","https://mehrkhodro.co/wp-content/uploads/2026/02/کاتالوگ-K5.pdf","HEAD 200; application/pdf; page-by-page text not audited","11","false","true","نامشخص!","four displayed scores 0%; unverified","inventory_only_not_migrated"
"k3","کیا KIA K3 | K3","https://mehrkhodro.co/car/k3/","kia","GET 200","https://mehrkhodro.co/wp-content/uploads/2026/02/کاتالوگ-KIA-K3.pdf","HEAD 200; application/pdf; page-by-page text not audited","10","false","true","نامشخص!","four displayed scores 0%; unverified","inventory_only_not_migrated"
"sonata","هیوندای سوناتا | HYUNDAI SONATA","https://mehrkhodro.co/car/sonata/","hyundai","GET 200","https://mehrkhodro.co/wp-content/uploads/2026/02/کاتالوگ-سوناتا.pdf","HEAD 200; application/pdf; page-by-page text not audited","9","false","true","نامشخص!","four displayed scores 0%; unverified","inventory_only_not_migrated"
"elantra","هیوندای النترا | HYUNDAI ELANTRA","https://mehrkhodro.co/car/elantra/","hyundai","GET 200","https://mehrkhodro.co/wp-content/uploads/2026/02/کاتالوگ-HYUNDAI-ELANTRA.pdf","HEAD 200; application/pdf; page-by-page text not audited","11","false","true","نامشخص!","four displayed scores 0%; unverified","inventory_only_not_migrated"
"frontlander","تویوتا فرانتلندر | TOYOTA FRONTLANDER","https://mehrkhodro.co/car/frontlander/","toyota","GET 200","https://mehrkhodro.co/wp-content/uploads/2025/07/کاتالوگ-TOYOTA-FRONTLANDER.pdf","HEAD 200; application/pdf; page-by-page text not audited","0","false","true","نامشخص!","four displayed scores 0%; unverified","inventory_only_not_migrated"
"poer","گریت وال پوئر | GWM POER","https://mehrkhodro.co/car/poer/","gwm","GET 200","https://mehrkhodro.co/wp-content/uploads/2025/04/Mehr-Motor-Poer-catalog.pdf","HEAD 200; application/pdf; page-by-page text not audited","16","false","false","نامشخص!","four displayed scores 0%; unverified","inventory_only_not_migrated"
"x-trail","نیسان ایکس تریل | NISSAN X-TRAIL","https://mehrkhodro.co/car/x-trail/","nissan","GET 200","https://mehrkhodro.co/wp-content/uploads/2026/03/کاتالوگ-X-TRAIL.pdf","HEAD 200; application/pdf; page-by-page text not audited","10","false","true","نامشخص!","four displayed scores 0%; unverified","inventory_only_not_migrated"
"highlander","تویوتا هایلندر | TOYOTA HIGHLANDER","https://mehrkhodro.co/car/highlander/","toyota","GET 200","https://mehrkhodro.co/wp-content/uploads/2024/10/Mehr-Motor-toyota-highlander-hybrid-catalog.pdf","HEAD 200; application/pdf; page-by-page text not audited","10","false","true","نامشخص!","four displayed scores 0%; unverified","inventory_only_not_migrated"
"fronx","سوزوکی فرانکس | SUZUKI FRONX","https://mehrkhodro.co/car/fronx/","suzuki","GET 200","","not configured","10","false","true","نامشخص!","four displayed scores 0%; unverified","inventory_only_not_migrated"
"grand-vitara","سوزوکی گرند ویتارا | SUZUKI GRAND VITARA","https://mehrkhodro.co/car/grand-vitara/","suzuki","GET 200","","not configured","10","false","true","نامشخص!","four displayed scores 0%; unverified","inventory_only_not_migrated"
"rav4","تویوتا راو 4 | TOYOTA RAV4","https://mehrkhodro.co/car/rav4/","toyota","GET 200","https://mehrkhodro.co/wp-content/uploads/2024/08/Mehr-Motor-toyota-rav4-hybrid-catalog-Edited.pdf","HEAD 200; application/pdf; page-by-page text not audited","15","true","true","نامشخص!","four displayed scores 0%; unverified","inventory_only_not_migrated"
"corolla-cross","تویوتا کرولا کراس | TOYOTA COROLLA-CROSS","https://mehrkhodro.co/car/corolla-cross/","toyota","GET 200","https://mehrkhodro.co/wp-content/uploads/2024/08/کاتالوگ-TOYOTA-COROLLA-CROSS.pdf","HEAD 200; application/pdf; page-by-page text not audited","0","true","true","نامشخص!","four displayed scores 0%; unverified","inventory_only_not_migrated"
"camry","تویوتا کمری | TOYOTA CAMRY","https://mehrkhodro.co/car/camry/","toyota","GET 200","https://mehrkhodro.co/wp-content/uploads/2024/08/Mehr-Motor-toyota-camry-catalog.pdf","HEAD 200; application/pdf; page-by-page text not audited","14","true","false","نامشخص!","four displayed scores 0%; unverified","inventory_only_not_migrated"
"levin","تویوتا لوین | TOYOTA LEVIN","https://mehrkhodro.co/car/levin/","toyota","GET 200","https://mehrkhodro.co/wp-content/uploads/2024/10/Mehr-Motor-toyota-Levin-catalog.pdf","HEAD 200; application/pdf; page-by-page text not audited","10","false","true","نامشخص!","four displayed scores 0%; unverified","inventory_only_not_migrated"
"sylphy","نیسان سیلفی | NISSAN SYLPHY","https://mehrkhodro.co/car/sylphy/","nissan","GET 200","https://mehrkhodro.co/wp-content/uploads/2024/08/کاتالوگ-سیلفی.pdf","HEAD 200; application/pdf; page-by-page text not audited","10","false","true","نامشخص!","four displayed scores 0%; unverified","inventory_only_not_migrated"
"hilux-sr5","تویوتا هایلوکس TOYOTA HILUX SR5 | SR5","https://mehrkhodro.co/car/hilux-sr5/","toyota","GET 200","https://mehrkhodro.co/wp-content/uploads/2024/08/Mehr-Motor-Hilux-sr5-catalog-1.pdf","HEAD 200; application/pdf; page-by-page text not audited","6","false","true","نامشخص!","four displayed scores 0%; unverified","inventory_only_not_migrated"
"t60-elite","T60 Elite","https://mehrkhodro.co/car/t60-elite/","mg","GET 200","","not configured","8","false","true","نامشخص!","four displayed scores 0%; unverified","inventory_only_not_migrated"
"hilux-grs","تویوتا هایلوکس TOYOTA HILUX GRS | GRS","https://mehrkhodro.co/car/hilux-grs/","toyota","GET 200","https://mehrkhodro.co/wp-content/uploads/2023/09/Mehr-Motor-Hilux-GR-Sport-catalog.pdf","HEAD 200; application/pdf; page-by-page text not audited","10","false","true","نامشخص!","four displayed scores 0%; unverified","inventory_only_not_migrated"
"hilux-adv","تویوتا هایلوکس ادونچر | TOYOTA HILUX ADV","https://mehrkhodro.co/car/hilux-adv/","toyota","GET 200","https://mehrkhodro.co/wp-content/uploads/2024/08/Mehr-Motor-Hilux-Adventure-catalog-1.pdf","HEAD 200; application/pdf; page-by-page text not audited","10","false","true","نامشخص!","four displayed scores 0%; unverified","inventory_only_not_migrated"
"l200","L200","https://mehrkhodro.co/car/l200/","mitsubishi","GET 200","https://mehrkhodro.co/wp-content/uploads/2024/08/Mehr-Motor-Mitsubishi-L200-catalog.pdf","HEAD 200; application/pdf; page-by-page text not audited","16","false","true","نامشخص!","four displayed scores 0%; unverified","inventory_only_not_migrated"
"t60-comfort","T60 COMFORT","https://mehrkhodro.co/car/t60-comfort/","mg","GET 200","https://mehrkhodro.co/wp-content/uploads/2024/08/Mehr-Motor-MG-T60-catalog.pdf","HEAD 200; application/pdf; page-by-page text not audited","6","false","true","نامشخص!","four displayed scores 0%; unverified","inventory_only_not_migrated"
